{
  "SLB": 106.18220884444086,
  "COP": 99.35466764864648,
  "CVX": 94.74861859273976,
  "CTVA": 113.1548724004112,
  "TSLA": 99.97282070261336,
  "JNJ": 100.0,
  "AMZN": 112.81846214580182,
  "BP": 95.16198183521956,
  "PG": 111.6643662822637,
  "BK": 100.0,
  "TFC": 106.4998819446337,
  "MOS": 96.99686036375624,
  "SBUX": 116.69993720466336,
  "XOM": 96.65941683753822,
  "GS": 94.72544814022211,
  "UL": 92.76798337797511,
  "IBM": 98.30336481577967,
  "MCD": 90.22129659796124,
  "WFC": 119.3114484410133,
  "BMY": 107.53761564527191,
  "ORCL": 99.46489801419588,
  "CALM": 100.0,
  "MS": 103.24977195194089,
  "CF": 112.25319916572914,
  "TMO": 94.0624967873337,
  "PEP": 95.7357740205548,
  "HAL": 100.0,
  "COST": 91.62959175241222,
  "VLO": 98.43436658970596,
  "AGCO": 112.2343075826446,
  "MSFT": 100.0,
  "DE": 100.0,
  "OXY": 101.65011515047888,
  "APPL": 96.29950490057593,
  "AXP": 108.68877626536764,
  "PFE": 106.62667645497726,
  "KO": 80.19491614131144,
  "USB": 91.69442338087102,
  "JPM": 101.61496305003908,
  "BIIB": 109.23218694968595,
  "META": 110.0819211560194,
  "BG": 106.0032745057374,
  "UNH": 100.19935304015723,
  "AMD": 94.61393705459125,
  "SMG": 109.5788783455639,
  "ADM": 103.7318407417858,
  "MRK": 87.64380245699165,
  "HD": 99.90466259991004,
  "PSX": 109.8336297204215,
  "C": 90.40434030128688,
  "BAC": 102.44939592726875,
  "TOT": 104.5356399029492,
  "WMT": 103.9295697728108,
  "NKE": 100.2088749779202,
  "AMGN": 90.75627112210432,
  "GILD": 105.9220169346968,
  "GOOG": 95.59996741455345,
  "FMC": 104.37791808083344,
  "NVDA": 96.84538637722298,
  "ABBV": 101.88747163573642
}