{
  "SMG": 100.0,
  "HAL": 100.79972493692055,
  "MSFT": 100.0,
  "TMO": 100.0,
  "NKE": 100.0,
  "IBM": 100.0,
  "MOS": 100.0,
  "MCD": 103.04707901934816,
  "META": 100.0,
  "CALM": 103.07845312393592,
  "AMZN": 100.0,
  "VLO": 100.0,
  "OXY": 100.0,
  "SBUX": 100.0,
  "BG": 100.0,
  "AMD": 100.0,
  "FMC": 90.37094736042508,
  "DE": 100.0,
  "MRK": 100.0,
  "AGCO": 100.46745706369018,
  "BK": 96.97469368938062,
  "BIIB": 100.0,
  "ORCL": 108.85339133800478,
  "COP": 94.70125269007136,
  "NVDA": 100.0,
  "HD": 103.42836046328593,
  "ABBV": 100.0,
  "JNJ": 106.2835085462896,
  "USB": 96.23881482872434,
  "CTVA": 91.07536496598404,
  "JPM": 96.07604418797504,
  "CVX": 100.0,
  "UNH": 93.34971233352768,
  "PFE": 100.0,
  "PSX": 100.0,
  "PEP": 106.1356530945518,
  "SLB": 100.0,
  "KO": 100.0,
  "TOT": 93.28433884331118,
  "ADM": 100.0,
  "WFC": 100.0,
  "MS": 100.0,
  "APPL": 100.0,
  "TFC": 100.0,
  "BMY": 100.0,
  "COST": 100.0,
  "GS": 100.0,
  "BP": 102.01588968017248,
  "GILD": 100.0,
  "CF": 89.88852658358931,
  "TSLA": 100.0,
  "AMGN": 100.0,
  "PG": 93.32319536007516,
  "BAC": 104.15857967055128,
  "AXP": 93.38384250947144,
  "UL": 100.0,
  "XOM": 100.0,
  "GOOG": 90.74631295729324,
  "C": 100.0,
  "WMT": 100.0
}