{
  "COP": 108.27892508902274,
  "AMZN": 100.0,
  "WMT": 96.20224799988456,
  "BG": 110.22182751173828,
  "JPM": 111.80249266586122,
  "MSFT": 100.36915219151663,
  "AXP": 114.45906895628217,
  "NVDA": 106.63116568552506,
  "MOS": 104.98934539191848,
  "XOM": 105.31492828766068,
  "BP": 99.29648413475688,
  "NKE": 100.98244642151305,
  "GILD": 101.17407042882076,
  "TFC": 114.4210767568912,
  "UL": 86.61546974837175,
  "SMG": 89.33930406045819,
  "VLO": 108.9697227267814,
  "BIIB": 88.33522496433481,
  "AMD": 93.99945082979455,
  "AGCO": 100.0,
  "MCD": 108.04049699543144,
  "PSX": 95.8220850140921,
  "MS": 109.77173092477253,
  "WFC": 103.06155894628222,
  "GOOG": 114.13262376235632,
  "OXY": 105.27732013928336,
  "HD": 108.57786494262598,
  "AMGN": 100.0,
  "MRK": 96.58871415623248,
  "ABBV": 118.06068071252048,
  "UNH": 92.42964293664711,
  "ORCL": 120.93858793288274,
  "CF": 113.73028090853268,
  "C": 91.412741682716,
  "BK": 112.3636459943701,
  "CVX": 104.55431578090992,
  "IBM": 93.85182374250088,
  "PG": 102.21320198641922,
  "COST": 94.46391832095009,
  "PFE": 100.0,
  "SBUX": 99.49692086549128,
  "APPL": 106.31668537098746,
  "KO": 88.44578560067727,
  "META": 95.69162844474518,
  "JNJ": 94.2176238756636,
  "PEP": 93.7735976674362,
  "BMY": 101.75435558188325,
  "USB": 102.07706366475884,
  "ADM": 100.96310522448807,
  "CALM": 105.7312569888091,
  "HAL": 93.05265397524032,
  "TMO": 98.31495604533838,
  "GS": 106.45141677357972,
  "TOT": 90.1558003686351,
  "FMC": 108.44957500074604,
  "CTVA": 121.5904967719537,
  "SLB": 108.14314097897248,
  "TSLA": 101.93951558198364,
  "BAC": 100.0,
  "DE": 91.06493856477688
}