{
  "BG": 95.52856979147128,
  "UNH": 95.2057779871588,
  "AGCO": 96.84203834873064,
  "BP": 105.37897533879544,
  "ABBV": 99.72296087920856,
  "KO": 85.87591118731068,
  "PSX": 105.83372436922276,
  "AXP": 95.01704178193944,
  "MOS": 109.89057894777012,
  "CF": 106.38245259258164,
  "IBM": 108.86804150999174,
  "TOT": 107.05124017250984,
  "DE": 100.0,
  "MS": 102.92144885248456,
  "COP": 102.50109564182408,
  "JPM": 107.591382061541,
  "SMG": 92.70692530275532,
  "UL": 95.53048783667924,
  "APPL": 102.27865304172585,
  "GOOG": 96.91098410343372,
  "C": 106.50335122646504,
  "PFE": 102.03424164667096,
  "BMY": 96.8011966965796,
  "NKE": 100.95070869799636,
  "PG": 109.80846845285764,
  "OXY": 104.29644403186988,
  "XOM": 99.13214164537052,
  "HD": 107.88739192468157,
  "MRK": 91.7018421525497,
  "ORCL": 90.2690388460654,
  "SLB": 92.5397357207056,
  "CALM": 104.83177175733854,
  "ADM": 86.93421001680963,
  "NVDA": 109.92852440843448,
  "TSLA": 113.86187949409756,
  "COST": 99.8568263094713,
  "AMGN": 93.5887564374044,
  "MSFT": 95.1147496024151,
  "HAL": 101.10064807122592,
  "BIIB": 102.3286475185818,
  "META": 94.7714406606008,
  "FMC": 100.0,
  "TFC": 93.2120923446291,
  "WFC": 106.8049043304571,
  "SBUX": 100.0,
  "MCD": 90.52841766191284,
  "GS": 88.86512610074003,
  "VLO": 100.0,
  "PEP": 98.99120009823046,
  "GILD": 114.73602242491629,
  "JNJ": 104.10264184088705,
  "TMO": 100.0,
  "CTVA": 94.08085304166744,
  "WMT": 90.84692322677888,
  "CVX": 97.82354167237236,
  "BAC": 92.27729519688953,
  "AMZN": 97.74626103045826,
  "BK": 102.44982874149858,
  "USB": 95.38784213272668,
  "AMD": 104.09179953538936
}